{
  "dataset": "princeton-vl/LayeredDepth",
  "split": "validation",
  "layer_key": "layer_all",
  "target_layer": 1,
  "samples_evaluated": 20,
  "pairs_correct": 1197.0,
  "pairs_total": 2675.0,
  "pairs_acc": 44.74766355140187,
  "trips_correct": 3143.0,
  "trips_total": 12982.0,
  "trips_acc": 24.2104452318595,
  "quads_correct": 2940.0,
  "quads_total": 12701.0,
  "quads_acc": 23.147783639083535,
  "all_correct": 7280.0,
  "all_total": 28358.0,
  "all_acc": 25.671768107765004
}